plan_id,gold_body_signal,gold_attachment_absent,note
284,,,
238,,,
455,,,
172,,,
506,,,
248,,,
271,,,
499,,,
39,,,
46,,,
303,,,
289,,,
70,,,
13,,,
302,,,
317,,,
360,,,
131,,,
338,,,
64,,,
339,,,
245,,,
430,,,
275,,,
99,,,
7,,,
190,,,
325,,,
72,,,
143,,,
173,,,
161,,,
249,,,
56,,,
264,,,
234,,,
407,,,
107,,,
473,,,
106,,,
501,,,
330,,,
496,,,
406,,,
290,,,
89,,,
233,,,
464,,,
321,,,
518,,,
220,,,
144,,,
351,,,
420,,,
213,,,
174,,,
442,,,
288,,,
375,,,
100,,,
426,,,
178,,,
250,,,
6,,,
436,,,
261,,,
498,,,
396,,,
453,,,
232,,,
292,,,
411,,,
227,,,
414,,,
71,,,
487,,,
158,,,
200,,,
505,,,
132,,,
314,,,
215,,,
247,,,
395,,,
334,,,
256,,,
73,,,
379,,,
4,,,
341,,,
454,,,
192,,,
202,,,
257,,,
21,,,
462,,,
55,,,
355,,,
281,,,
514,,,
320,,,
109,,,
293,,,
315,,,
359,,,
295,,,
5,,,
517,,,
441,,,
476,,,
108,,,
142,,,
312,,,
389,,,
119,,,
333,,,
98,,,
274,,,
159,,,
429,,,
